date,open,high,low,close,volume
2022/1/4,4957.984,4961.453,4874.534,4917.765,1515347.76
2022/1/5,4907.935,4916.282,4851.984,4868.12,1788161
2022/1/6,4842.156,4857.56,4786.433,4818.232,1576658.26
2022/1/7,4824.318,4856.652,4818.193,4822.369,1871394.13
2022/1/10,4812.23,4844.393,4780.819,4844.045,1562116.96
2022/1/11,4840.009,4850.879,4791.885,4797.774,1469280.04
2022/1/12,4818.89,4852.731,4810.919,4845.579,1432002.04
2022/1/13,4853.031,4853.063,4765.242,4765.919,1425196.53
2022/1/14,4743.912,4764.052,4723.943,4726.732,1468631.26
2022/1/17,4728.76,4775.239,4726.708,4767.276,1152956.91
2022/1/18,4766.781,4826.3,4747.92,4813.347,1508708.02
2022/1/19,4815.811,4828.752,4755.93,4780.378,1339273.6
2022/1/20,4778.262,4845.005,4777.568,4823.509,1649713.15
2022/1/21,4808.773,4818.305,4762.564,4779.314,1389525.85
2022/1/24,4753.941,4801.098,4746.448,4786.738,1144638.8
2022/1/25,4761.95,4781.391,4678.247,4678.451,1336675.86
2022/1/26,4697.099,4718.995,4648.128,4712.311,1070708.42
2022/1/27,4708.099,4708.436,4616.027,4619.877,1212638.04
2022/1/28,4641.814,4660.519,4559.833,4563.772,1264801.12
2022/2/7,4638.575,4672.654,4615.005,4634.09,1448497.2
2022/2/8,4626.437,4626.437,4522.471,4608.773,1558307.08
2022/2/9,4608.149,4659.461,4595.283,4652.061,1483355.47
2022/2/10,4657.211,4657.211,4608.091,4639.863,1515766.66
2022/2/11,4617.874,4662.596,4595.875,4601.395,1559745.84
2022/2/14,4579.42,4593.632,4530.057,4551.688,1436738.94
2022/2/15,4553.811,4601.453,4550.543,4600.103,1150256
2022/2/16,4619.846,4643.1,4607.218,4617.989,1072589.55
2022/2/17,4616.896,4650.159,4606.952,4629.165,1100146.43
2022/2/18,4604.567,4651.342,4598.1,4651.236,1045502.28
2022/2/21,4646.052,4646.672,4613.297,4634.314,1125165.12
2022/2/22,4601.918,4602.066,4550.804,4574.153,1233172.37
2022/2/23,4582.006,4625.298,4579.295,4623.047,1229529.16
2022/2/24,4592.069,4610.879,4488.476,4529.319,1844030.58
2022/2/25,4564.632,4611.86,4561.896,4573.425,1497225.83
2022/2/28,4563.743,4581.646,4530.676,4581.646,1354069.78
2022/3/1,4597.855,4623.431,4583.917,4619.686,1231392.2
2022/3/2,4594.017,4594.017,4558.442,4578.601,1132983.25
2022/3/3,4595.025,4599.397,4544.431,4551.628,1382858.77
2022/3/4,4513.364,4539.393,4481.493,4496.43,1272668.06
2022/3/7,4462.517,4462.517,4338.304,4352.778,1621977.06
2022/3/8,4361.642,4383.647,4252.539,4265.391,1678632.77
2022/3/9,4280.979,4304.482,4068.193,4226.346,1942329
2022/3/10,4326.204,4335.673,4288.508,4292.837,1452663.83
2022/3/11,4231.196,4316.044,4176.452,4306.522,1523999.21
2022/3/14,4248.153,4280.361,4174.758,4174.758,1301872.36
2022/3/15,4125.487,4163.418,3983.812,3983.812,2025246.99
2022/3/16,4053.099,4168.585,3942.861,4156.081,1960219.82
2022/3/17,4237.672,4302.743,4217.804,4237.696,1794073.44
2022/3/18,4218.474,4283.368,4194.94,4265.902,1494583.05
2022/3/21,4280.14,4287.817,4223.024,4258.746,1270363.6
2022/3/22,4252.566,4283.334,4236.689,4255.295,1263824.7
2022/3/23,4269.609,4287.577,4241.957,4276.517,1170890.78
2022/3/24,4249.533,4273.957,4216.851,4251.306,1089182.72
2022/3/25,4249.073,4254.845,4173.93,4174.574,1088080.46
2022/3/28,4128.838,4174.121,4091.298,4148.466,1184490.21
2022/3/29,4155.418,4177.213,4124.718,4134.144,1002669.72
2022/3/30,4162.167,4254.099,4160.735,4254.099,1383460.24
2022/3/31,4234.716,4247.36,4214.535,4222.597,1340291.85
2022/4/1,4198.819,4290.671,4190.084,4276.158,1338030.53
2022/4/6,4258.833,4277.524,4236.728,4263.841,1590621.95
2022/4/7,4240.024,4278.113,4205.743,4209.1,1348803.53
2022/4/8,4213.211,4237.813,4175.529,4230.767,1428437.93
2022/4/11,4203.79,4203.79,4089.093,4100.07,1481970.71
2022/4/12,4102.971,4179.973,4075.796,4179.973,1442856.84
2022/4/13,4154.412,4194.037,4139.737,4139.737,1250974.89
2022/4/14,4172.644,4217.061,4155.551,4191.568,1247913.16
2022/4/15,4162.372,4211.317,4152.974,4188.747,1247622.63
2022/4/18,4152.931,4171.743,4119.994,4166.384,1175046.1
2022/4/19,4161.933,4186.939,4115.418,4134.902,1102174.71
2022/4/20,4130.543,4136.166,4060.504,4070.789,1173316.58
2022/4/21,4048.734,4086.439,3978.367,3995.83,1327838.28
2022/4/22,3967.202,4037.084,3953.722,4013.25,1221018.11
2022/4/25,3933.446,3958.21,3814.913,3814.913,1683645.02
2022/4/26,3822.489,3871.85,3773.899,3784.12,1575776.11
2022/4/27,3758.084,3895.731,3757.086,3895.536,1727340.46
2022/4/28,3883.42,3943.435,3873.578,3921.107,1530565.86
2022/4/29,3939.624,4017.428,3898.57,4016.241,1794583.77
2022/5/5,3995.353,4039.7,3988.931,4010.21,1541707.16
2022/5/6,3928.855,3947.238,3902.051,3908.815,1230055.51
2022/5/9,3883.951,3914.112,3854.935,3877.436,929366.94
2022/5/10,3820.628,3932.682,3808.57,3919.868,1364169.18
2022/5/11,3917.932,4033.303,3916.525,3976.423,1656322.56
2022/5/12,3949.949,3985.927,3935.589,3958.74,1133760.66
2022/5/13,3983.82,4003.854,3957.139,3988.6,1099683.57
2022/5/16,4014.996,4018.028,3947.746,3956.538,1124252.94
2022/5/17,3961.761,4005.893,3955.102,4005.893,1096614.54
2022/5/18,4015.013,4017.341,3964.75,3991.907,1080742.33
2022/5/19,3938.296,3999.598,3933.745,3999.598,1162934.2
2022/5/20,4020.816,4077.602,4020.816,4077.6,1470691.73
2022/5/23,4080.969,4080.969,4029.085,4053.982,1304778.1
2022/5/24,4052.868,4055.783,3959.154,3959.154,1455543.36
2022/5/25,3959.767,3983.624,3946.808,3983.178,1077340.15
2022/5/26,3987.682,4015.747,3938.239,3993.045,1262636.89
2022/5/27,4022.71,4051.143,3983.384,4001.299,1127693.37
2022/5/30,4020.858,4040.819,4003.377,4029.018,1111522.41
2022/5/31,4031.762,4096.197,4020.378,4091.518,1354155.13
2022/6/1,4086.618,4094.901,4058.847,4083.177,1148508.79
2022/6/2,4064,4091.152,4057.914,4089.568,1138936.38
2022/6/6,4090.529,4166.615,4063.906,4166.085,1678710.11
2022/6/7,4165.69,4198.086,4155.168,4179.129,1429928.81
2022/6/8,4187.148,4224.81,4158.033,4219.812,1573740.57
2022/6/9,4211.723,4227.448,4160.881,4175.675,1684491.54
2022/6/10,4145.651,4241.354,4140.22,4238.994,1847962.14
2022/6/13,4194.457,4218.233,4156.715,4189.353,1684756.22
2022/6/14,4143.223,4224.086,4102.929,4222.311,1713859.04
2022/6/15,4228.293,4348.423,4228.293,4278.218,2570465.9
2022/6/16,4282.083,4302.921,4241.075,4250.061,1840744.16
2022/6/17,4219.234,4318.766,4218.682,4309.044,1586490.98
2022/6/20,4322.832,4368.356,4297.891,4330.433,1656663.82
2022/6/21,4327.916,4357.34,4287.141,4325.566,1646676.15
2022/6/22,4331.902,4333.183,4269.246,4270.623,1585658.54
2022/6/23,4277.956,4343.878,4260.9,4343.878,1708823.6
2022/6/24,4354.553,4400.685,4346.122,4394.772,1689721.99
2022/6/27,4414.332,4472.695,4414.332,4444.264,1773856.76
2022/6/28,4442.581,4497.895,4407.352,4490.517,1747564.89
2022/6/29,4472.735,4503.131,4413.996,4421.357,1872766.88
2022/6/30,4418.066,4514.997,4418.066,4485.011,1566662.89
2022/7/1,4489.52,4500.985,4449.291,4466.718,1447795.99
2022/7/4,4447.216,4496.034,4427.823,4496.03,1463456.51
2022/7/5,4505.457,4530.325,4439.451,4489.538,1549624.15
2022/7/6,4475.482,4484.362,4393.417,4423.97,1498002.35
2022/7/7,4425.281,4457.343,4391.194,4443.474,1326609.06
2022/7/8,4468.063,4479.494,4426.886,4428.781,1231957.39
2022/7/11,4406.148,4406.148,4330.582,4354.617,1344485.78
2022/7/12,4352.646,4370.341,4296.622,4313.618,1301878.38
2022/7/13,4313.359,4341.466,4284.942,4321.462,1311131.79
2022/7/14,4308.823,4352.098,4292.76,4322.074,1452509.26
2022/7/15,4299.471,4344.857,4248.527,4248.527,1502144.53
2022/7/18,4262.154,4300.778,4217.506,4292.586,1226011.92
2022/7/19,4288.444,4288.444,4238.824,4269.34,1038057.3
2022/7/20,4291.281,4303.367,4269.972,4283.803,944901.44
2022/7/21,4270.362,4283.147,4236.05,4236.058,1171563.44
2022/7/22,4251.787,4275.47,4207.314,4238.234,1038406.24
2022/7/25,4233.928,4234.845,4201.919,4212.644,836366.64
2022/7/26,4220.091,4259.985,4214.534,4245.976,858232.74
2022/7/27,4236.154,4242.095,4217.281,4225.036,789049.4
2022/7/28,4242.274,4267.918,4223.029,4225.673,1075319.3
2022/7/29,4226.425,4243.514,4160.874,4170.102,1141792.86
2022/8/1,4160.648,4196.574,4129.453,4188.678,1077490.29
2022/8/2,4144.377,4144.377,4071.431,4107.024,1422244.25
2022/8/3,4114.825,4150.98,4058.179,4066.975,1166661.24
2022/8/4,4089.442,4108.159,4064.659,4101.537,895326.44
2022/8/5,4109.629,4159.485,4097.863,4156.911,1025710.04
2022/8/8,4142.111,4155.73,4135.081,4148.075,902081.38
2022/8/9,4143.666,4161.809,4131.425,4156.291,841369.59
2022/8/10,4149.207,4160.787,4092.546,4109.737,855658.39
2022/8/11,4130.741,4193.812,4116.056,4193.543,1213850.51
2022/8/12,4185.42,4202.466,4175.05,4191.152,1068082.95
2022/8/15,4180.001,4219.918,4174.3,4185.679,1058984.95
2022/8/16,4190.527,4208.801,4170.52,4177.837,939061.39
2022/8/17,4182.567,4222.787,4155.173,4216.959,1128646.59
2022/8/18,4205.785,4211.914,4173.541,4180.1,1010526.5
2022/8/19,4174.546,4185.658,4151.074,4151.074,1174029.78
2022/8/22,4135.162,4183.65,4134.201,4181.397,1124427.2
2022/8/23,4175.531,4187.388,4147.413,4161.082,1031535.12
2022/8/24,4168.576,4174.157,4079.093,4082.42,1190696.79
2022/8/25,4093.295,4119.62,4058.745,4116.24,1113207.45
2022/8/26,4127.814,4139.788,4102.682,4107.546,990004.93
2022/8/29,4063.883,4092.947,4059.596,4089.521,943544.32
2022/8/30,4088.526,4093.136,4048.524,4075.794,933016.62
2022/8/31,4057.144,4112.849,4046.623,4078.84,1324497.65
2022/9/1,4066.187,4090.885,4041.128,4043.74,973870.71
2022/9/2,4054.842,4056.181,4004.911,4023.613,867892.78
2022/9/5,4010.405,4016.999,3982.74,4015.426,937671.09
2022/9/6,4024.473,4054.004,4009.583,4052.28,1135062.65
2022/9/7,4032.723,4067.544,4028.374,4054.983,1076780.59
2022/9/8,4059.169,4067.758,4036.023,4037.684,1008860.49
2022/9/9,4050.585,4099.008,4042.25,4093.787,1184271.14
2022/9/13,4112.012,4128.111,4097.141,4111.115,1117897.37
2022/9/14,4058.044,4089.058,4047.919,4065.359,907936.81
2022/9/15,4078.65,4088.808,3998.856,4027.119,1239511.96
2022/9/16,4013.583,4019.41,3932.683,3932.683,1371936.55
2022/9/19,3928.424,3953.649,3910.311,3928,977195.75
2022/9/20,3945.647,3957.554,3921.688,3932.836,848241.34
2022/9/21,3921.318,3924.391,3884.227,3903.735,864583.91
2022/9/22,3875.177,3900.274,3860.231,3869.344,809469.19
2022/9/23,3865.105,3888.396,3829.691,3856.021,943424.62
2022/9/26,3829.596,3893.319,3827.95,3836.677,1045260.31
2022/9/27,3844.069,3893.028,3827.927,3892.295,888601.6
2022/9/28,3879.44,3879.44,3828.055,3828.71,865922.13
2022/9/29,3864.316,3873.182,3808.65,3827.143,856541.42
2022/9/30,3833.35,3848.602,3801.28,3804.885,785599.66
2022/10/10,3806.56,3807.457,3715.714,3720.937,1026475.95
2022/10/11,3732.019,3739.808,3706.063,3727.687,839446.25
2022/10/12,3722.866,3784.306,3661.526,3784.306,1080893.19
2022/10/13,3756.418,3783.596,3749.639,3752.673,990189.15
2022/10/14,3783.316,3863.227,3780.842,3842.47,1162422.93
2022/10/17,3822.243,3849.621,3809.12,3846.412,1041920.19
2022/10/18,3865.826,3870.216,3831.172,3838.267,883469.07
2022/10/19,3827.466,3840.487,3776.534,3776.534,815748.44
2022/10/20,3746.579,3804.247,3726.793,3754.927,902908.95
2022/10/21,3753.89,3768.69,3724.69,3742.893,987500.38
2022/10/24,3727.915,3762.158,3619.988,3633.373,1300568.64
2022/10/25,3621.936,3670.733,3594.701,3627.454,1109538.82
2022/10/26,3633.311,3700.88,3633.311,3656.903,1213015.48
2022/10/27,3667.665,3685.084,3631.064,3631.145,1179986.75
2022/10/28,3605.16,3618.864,3533.499,3541.33,1187721.62
2022/10/31,3504.507,3553.387,3495.951,3508.703,1384656.55
2022/11/1,3519.817,3634.173,3517.621,3634.173,1492866.98
2022/11/2,3620.369,3703.465,3610.803,3677.805,1415929.19
2022/11/3,3645.06,3670.157,3628.499,3647.897,1105660.35
2022/11/4,3646.771,3782.882,3646.771,3767.175,1497349.49
2022/11/7,3754.523,3792.794,3746.372,3775.297,1298263.71
2022/11/8,3773.661,3779.116,3723.342,3749.325,990164.51
2022/11/9,3750.782,3760.407,3711.268,3714.27,894345.25
2022/11/10,3685.827,3701.531,3665.059,3685.689,1035093.02
2022/11/11,3787.757,3828.9,3747.09,3788.439,1896855.86
2022/11/14,3818.145,3848.412,3781.778,3794.017,1696650.48
2022/11/15,3788.926,3871.642,3775.499,3865.973,1515156.5
2022/11/16,3860.811,3877.678,3829.313,3834.39,1206109.64
2022/11/17,3821.271,3821.742,3776.574,3818.664,1059406.32
2022/11/18,3823.821,3840.302,3801.569,3801.569,1150787.77
2022/11/21,3769.627,3769.873,3733.995,3769.127,958669.66
2022/11/22,3766.082,3809.858,3751.045,3769.573,1444863.34
2022/11/23,3760.216,3791.178,3753.214,3773.529,1445279.11
2022/11/24,3791.54,3804.899,3751.382,3756.808,1010734.47
2022/11/25,3751.282,3790.566,3743.414,3775.776,1429297.11
2022/11/28,3701.902,3736.081,3672.131,3733.242,1278257.48
2022/11/29,3766.57,3854.774,3766.57,3848.422,1787013.92
2022/11/30,3836.56,3867.659,3833.827,3853.037,1575114
2022/12/1,3921.295,3944.565,3893.872,3894.769,1699645.85
2022/12/2,3886.403,3898.115,3865.884,3870.948,1167863.5
2022/12/5,3907.638,3947.476,3900.674,3946.876,2017472.21
2022/12/6,3929.006,3988.901,3922.997,3968.198,1551083.23
2022/12/7,3956.672,3999.586,3944.183,3958.441,1430013.56
2022/12/8,3953.199,3971.493,3941.297,3959.18,1151999.86
2022/12/9,3961.992,4003.318,3944.44,3998.244,1537749.54
2022/12/12,3976.172,3983.433,3950.32,3953.443,1259353.68
2022/12/13,3953.548,3964.396,3939.98,3945.681,1009941
2022/12/14,3952.789,3972.738,3935.767,3954.886,985280.06
2022/12/15,3954.672,3963.5,3926.5,3951.989,888647.25
2022/12/16,3931.232,3960.471,3929.487,3954.227,931785.67
2022/12/19,3952.771,3966.568,3878.437,3893.221,1069190.75
2022/12/20,3881.226,3881.273,3811.476,3829.017,830968.22
2022/12/21,3839.001,3853.727,3821.404,3830.538,648392.15
2022/12/22,3859.204,3882.126,3821.342,3836.028,837051.73
2022/12/23,3811.616,3848.344,3805.949,3828.219,652781.48
2022/12/26,3830.568,3856.807,3827.519,3843.489,730057.12
2022/12/27,3860.905,3891.85,3856.58,3887.854,775153.5
2022/12/28,3874.913,3884.721,3854.941,3871.264,844246.56
2022/12/29,3854.236,3868.293,3838.48,3856.701,793948.15
2022/12/30,3873.936,3887.553,3868.757,3871.634,787732.72
2023/1/3,3864.836,3893.99,3831.245,3887.899,1150518.75
2023/1/4,3886.25,3905.903,3873.655,3892.948,1106607.43
2023/1/5,3913.493,3974.875,3912.26,3968.578,1165023.95
2023/1/6,3969.549,4000.414,3966.47,3980.889,1109530.38
2023/1/9,3998.528,4023.09,3990.707,4013.12,1170544.25
2023/1/10,4014.713,4030.457,4002.23,4017.474,1017511.41
2023/1/11,4019.884,4043.399,4008.015,4010.031,999978.89
2023/1/12,4021.755,4030.288,4003.508,4017.869,905526.27
2023/1/13,4032.291,4074.377,4027.886,4074.377,958718.96
2023/1/16,4077.879,4177.104,4076.639,4137.964,1513954.55
2023/1/17,4138.843,4148.584,4118.157,4137.242,954790.4
2023/1/18,4140.102,4151.458,4125.769,4130.314,842006.45
2023/1/19,4125.577,4156.008,4105.98,4156.008,946083.98
2023/1/20,4166.844,4189.831,4161.67,4181.527,1235538.09
2023/1/30,4267.625,4268.152,4197.86,4201.345,1646070.64
2023/1/31,4200.581,4212.735,4153.048,4156.858,1245508.35
2023/2/1,4170.132,4195.933,4137.766,4195.933,1410089.54
2023/2/2,4207.412,4207.412,4170.557,4181.149,1338237.36
2023/2/3,4162.026,4162.026,4103.165,4141.632,1170412.21
2023/2/6,4103.831,4105.945,4065.222,4086.878,1101927.17
2023/2/7,4098.312,4107.344,4077.962,4094.234,913600.72
2023/2/8,4099.857,4111.475,4072.647,4076.141,847860.99
2023/2/9,4067.563,4130.857,4064.749,4130.857,1022899.61
2023/2/10,4124.099,4125.289,4092.347,4106.31,967167.33
2023/2/13,4098.88,4146.45,4092.273,4143.574,1288925.77
2023/2/14,4151.247,4152.049,4125.258,4145.29,1024998.9
2023/2/15,4146.855,4153.716,4115.967,4123.689,1216645.08
2023/2/16,4125.409,4167.9,4068.859,4093.488,1593105.85
2023/2/17,4086.224,4104.64,4032.929,4034.507,1161425.89
2023/2/20,4039.962,4134.862,4035.476,4133.49,1617944.81
2023/2/21,4130.063,4151.799,4116.272,4144.354,1457761.73
2023/2/22,4118.967,4134.876,4101.86,4106.951,1042902.95
2023/2/23,4106.214,4132.39,4088.207,4103.646,1035649.06
2023/2/24,4100.99,4102.609,4048.237,4061.046,1009894.25
2023/2/27,4040.457,4067.03,4034.524,4043.844,937876.3
2023/2/28,4058.13,4074.264,4026.448,4069.459,1103235.91
2023/3/1,4068.733,4135.481,4061.217,4126.942,1560157.94
2023/3/2,4119.992,4137.253,4113.826,4117.738,1482176.37
2023/3/3,4126.018,4135.212,4100.383,4130.551,1603317.41
2023/3/6,4131.153,4132.837,4088.448,4109.01,1629718.07
2023/3/7,4103.642,4124.961,4046.568,4048.852,1959120.68
2023/3/8,4030.739,4037.287,4011.523,4034.108,1179364.93
2023/3/9,4035.843,4043.849,4000.89,4019.851,1165396.29
2023/3/10,3991.796,4004.361,3966.428,3967.135,1238554.09
2023/3/13,3962.643,4008.686,3962.643,4008.686,1435613.7
2023/3/14,3999.88,4001.942,3946.941,3984.696,1505441.74
2023/3/15,4011.844,4018.75,3986.902,3986.902,1420260.07
2023/3/16,3958.196,3981.321,3936.476,3939.151,1525156.44
2023/3/17,3971.159,4004.215,3945.25,3958.819,1774338.18
2023/3/20,3962.663,3979.549,3935.016,3939.077,2052649.7
2023/3/21,3948.157,3982.705,3948.157,3982.378,1450906.79
2023/3/22,3993.785,4016.45,3986.709,3999.443,1492289.7
2023/3/23,3985.993,4039.09,3983.999,4039.09,1588874.21
2023/3/24,4035.156,4037.842,4017.003,4027.046,1594423.3
2023/3/27,4023.303,4023.303,3987.03,4012.477,1684822.79
2023/3/28,4015.697,4023.783,3994.6,3999.515,1318951.17
2023/3/29,4013.593,4017.757,3992.666,4006.144,1337435.1
2023/3/30,4009.557,4040.502,3983.896,4038.526,1499010.37
2023/3/31,4045.454,4063.568,4039.959,4050.926,1388425.46
2023/4/3,4059.623,4094.938,4059.061,4090.568,1821243.13
2023/4/4,4089.293,4103.158,4080.068,4103.105,1971466.31
2023/4/6,4084.132,4098.833,4078.405,4096.64,1507033.74
2023/4/7,4096.901,4131.313,4092.185,4123.28,1286767.38
2023/4/10,4132.01,4132.295,4099.052,4104.812,1524530.02
2023/4/11,4108.506,4116.125,4083.495,4100.148,1539013.33
2023/4/12,4102.397,4108.245,4090.278,4097.288,1659652.78
2023/4/13,4081.387,4088.881,4059.574,4068.979,1564442.95
2023/4/14,4078.97,4098.215,4075.205,4091.999,1506956.82
2023/4/17,4090.072,4149.384,4089.509,4149.384,1887730.95
2023/4/18,4139.309,4169.668,4138.462,4162.032,1701841.3
2023/4/19,4159.394,4159.394,4118.626,4124.559,1625545.92
2023/4/20,4122.946,4125.823,4094.002,4113.019,1627066.77
2023/4/21,4114.264,4114.264,4031.912,4032.567,1808024.35
2023/4/24,4031.303,4033.637,3967.907,3982.643,1700992.17
2023/4/25,3985.106,3991.687,3925.436,3962.666,1725554.09
2023/4/26,3950.255,3975.656,3934.663,3959.232,1627020.06
2023/4/27,3948.031,3999.13,3942.815,3988.419,1538281.95
2023/4/28,3993.256,4030.447,3993.256,4029.086,1795084.88
2023/5/4,4013.471,4035.783,4001.126,4030.247,2275828.46
2023/5/5,4031.095,4047.602,3998.392,4016.877,2066269.24
2023/5/8,4028.106,4070.772,4018.961,4062.662,2555830.85
2023/5/9,4065.439,4092.85,4026.389,4027.875,2793060.48
2023/5/10,4017.936,4019.059,3984.629,3996.87,2075527.09
2023/5/11,4005.782,4018.058,3988.482,3990.664,1448046.19
2023/5/12,3987.769,3999.383,3937.527,3937.762,1444217.28
2023/5/15,3938.83,3998.887,3923.032,3998.887,1762573.62
2023/5/16,4002.524,4005.015,3966.992,3978.205,1368332.71
2023/5/17,3971.702,3982.604,3945.714,3960.165,1184481.85
2023/5/18,3965.516,3982.718,3939.553,3956.07,1365339.47
2023/5/19,3946.222,3967.282,3928.316,3944.54,1202124.79
2023/5/22,3941.002,3985.403,3935.802,3969.328,1091166.05
2023/5/23,3968.235,3971.939,3913.188,3913.188,1186850.77
2023/5/24,3903.782,3903.782,3859.094,3859.094,1372582.65
2023/5/25,3851.405,3861.382,3817.837,3850.5,1241507.7
2023/5/26,3848.417,3859.629,3815.57,3850.951,1003264.39
2023/5/29,3862.084,3866.724,3819.182,3833.942,1318599.67
2023/5/30,3827.792,3844.005,3789.274,3837.753,1376196.29
2023/5/31,3827.163,3827.163,3781.403,3798.543,1263873.68
2023/6/1,3788.59,3832.205,3786.734,3806.868,1345618.81
2023/6/2,3821.62,3865.284,3821.62,3861.834,1250151.1
2023/6/5,3860.556,3860.556,3832.458,3844.249,1161639.89
2023/6/6,3840.459,3867.845,3802.845,3808.163,1257812.58
2023/6/7,3815.482,3823.112,3780.102,3789.342,988624.32
2023/6/8,3791.083,3834.389,3777.775,3820.187,1187009.34
2023/6/9,3822.409,3836.703,3811.219,3836.703,1343198.63
2023/6/12,3827.325,3859.716,3813.858,3844.432,1267585.43
2023/6/13,3838.129,3867.303,3833.46,3864.907,1109249.46
2023/6/14,3872.716,3891.666,3862.061,3864.025,1249557.59
2023/6/15,3871.775,3925.499,3871.775,3925.499,1283699.38
2023/6/16,3932.211,3968.013,3928.542,3963.351,1397600.76
2023/6/19,3957.033,3957.033,3922.474,3930.908,1349058.48
2023/6/20,3926.094,3937.495,3918.473,3924.238,1225203.18
2023/6/21,3909.104,3920.128,3864.032,3864.032,1183465.75
2023/6/26,3833.444,3841.286,3801.054,3809.696,1339904.19
2023/6/27,3811.687,3851.896,3806.324,3845.433,1169926.81
2023/6/28,3836.609,3846.852,3808.161,3840.799,1070215.41
2023/6/29,3836.731,3840.713,3817.376,3821.844,982892.74
2023/6/30,3816.335,3860.031,3813.552,3842.452,1012684.29
2023/7/3,3853.292,3897.327,3853.292,3892.882,1331580.51
2023/7/4,3888.033,3899.976,3878.398,3899.013,1094945.27
2023/7/5,3895.195,3899.519,3864.13,3868.805,976363.84
2023/7/6,3857.03,3876.89,3836.457,3842.755,1001218.42
2023/7/7,3831.596,3844.844,3819.077,3825.699,1009069.2
2023/7/10,3841.559,3865.457,3831.92,3844.327,920334.41
2023/7/11,3853.796,3870.655,3844.524,3869.486,865107.16
2023/7/12,3864.601,3874.04,3838.563,3843.437,1115220.24
2023/7/13,3855.662,3901.102,3855.662,3898.423,1203002.32
2023/7/14,3904.603,3908.487,3893.786,3899.103,1223648.46
2023/7/17,3881.623,3881.623,3852.263,3867.175,983401.44
2023/7/18,3871.044,3871.044,3844.513,3854.939,914386.15
2023/7/19,3848.483,3860.009,3830.407,3850.866,795857
2023/7/20,3857.773,3875.624,3818.713,3823.695,920420.76
2023/7/21,3816.984,3849.511,3808.803,3821.91,795075.63
2023/7/24,3803.349,3828.785,3798.805,3805.221,754835.45
2023/7/25,3866.645,3915.815,3866.645,3915.115,1630663.2
2023/7/26,3908.174,3912.983,3893.399,3907.013,1078817.17
2023/7/27,3914.23,3935.358,3894.692,3902.346,1106671.09
2023/7/28,3889.793,4000.919,3886.554,3992.738,1797354.81
2023/7/31,4018.89,4064.362,4002.078,4014.63,1996068.3
2023/8/1,4009.183,4031.701,3983.027,3998.001,1422868.59
2023/8/2,3985.695,4008.334,3958.513,3969.895,1258556.9
2023/8/3,3962.13,4005,3962.13,4004.984,1290066.4
2023/8/4,4033.724,4058.243,4011.62,4020.579,1782671.89
2023/8/7,4002.968,4002.968,3977.017,3990.153,1213106.62
2023/8/8,3980.042,4002.29,3963.463,3979.732,1098716.99
2023/8/9,3967.357,3982.109,3961.843,3967.565,946402.69
2023/8/10,3962.857,3976.464,3945.387,3975.717,971768.49
2023/8/11,3977.983,3977.983,3884.254,3884.254,1260829.31
2023/8/14,3840.887,3859.472,3814.071,3855.906,1159663.36
2023/8/15,3858.366,3865.284,3811.684,3846.536,1030971.11
2023/8/16,3830.827,3852.42,3817.632,3818.334,946169.46
2023/8/17,3801.197,3836.151,3782.497,3831.101,984154.93
2023/8/18,3832.455,3844.195,3784.004,3784.004,955496.38
2023/8/21,3773.225,3782.111,3729.555,3729.555,987083.69
2023/8/22,3748.068,3770.056,3704.679,3758.227,1203183.27
2023/8/23,3751.774,3756.166,3695.031,3696.634,970816.38
2023/8/24,3711.54,3748.857,3701.572,3723.429,1196145.21
2023/8/25,3703.514,3734.219,3695.844,3709.152,1051826.1
2023/8/28,3911.549,3911.549,3740.528,3752.619,1979903.79
2023/8/29,3743.053,3810.377,3742.076,3790.107,1524861.46
2023/8/30,3803.119,3813.703,3780.241,3788.51,1296716.61
2023/8/31,3786.926,3793.997,3762.005,3765.268,1189616.46
2023/9/1,3778.913,3808.531,3778.913,3791.491,1053190.45
2023/9/4,3812.987,3854.261,3804.589,3848.952,1423852.01
2023/9/5,3839.578,3839.578,3814.334,3820.317,1040523.33
2023/9/6,3808.1,3817.524,3790.895,3812.028,934423.93
2023/9/7,3802.227,3802.227,3756.853,3758.475,951039.03
2023/9/8,3747.651,3753.263,3724.987,3739.993,716381.66
2023/9/11,3740.585,3788.322,3734.723,3767.537,1053580.16
2023/9/12,3764.333,3775.093,3755.416,3760.605,793853.78
2023/9/13,3759.609,3768.816,3719.111,3736.651,815769.01
2023/9/14,3736.936,3748.818,3717.311,3733.508,1003860.75
2023/9/15,3740.785,3749.025,3699.381,3708.777,1093956.89
2023/9/18,3698.934,3737.531,3691.111,3727.711,867277.41
2023/9/19,3723.424,3724.072,3702.693,3720.502,831990.38
2023/9/20,3715.958,3718.521,3705.127,3705.69,754482.09
2023/9/21,3698.313,3708.456,3672.445,3672.445,830310.05
2023/9/22,3672.64,3740.418,3664.766,3738.933,1102311.66
2023/9/25,3738.062,3738.062,3711.205,3714.604,925964.79
2023/9/26,3711.711,3723.848,3692.617,3692.893,780445.25
2023/9/27,3694.961,3731.141,3694.394,3700.495,916292.1
2023/9/28,3711.212,3716.057,3685.3,3689.517,852217.19
2023/10/9,3678.929,3694.171,3641.997,3684.727,1021480.58
2023/10/10,3696.254,3701.256,3655.589,3657.126,991637.3
2023/10/11,3674.751,3689.535,3658.355,3667.548,1020915.87
2023/10/12,3697.934,3711.499,3682.842,3702.382,1143632.25
2023/10/13,3677.959,3678.191,3652.309,3663.41,982879.87
2023/10/16,3664.039,3664.039,3615.769,3626.597,918531.18
2023/10/17,3635.299,3645.565,3619.128,3639.402,907451.88
2023/10/18,3631.067,3632.058,3608.977,3610.577,945458.79
2023/10/19,3588.515,3588.515,3532.306,3533.545,1117375.2
2023/10/20,3518.346,3535.662,3501.725,3510.589,985186.05
2023/10/23,3500.199,3505.347,3450.646,3474.244,965616.52
2023/10/24,3481.764,3495.004,3453.102,3487.13,1155472.89
2023/10/25,3524.297,3531.831,3500.915,3504.458,1280096.17
2023/10/26,3484.781,3515.572,3478.05,3514.145,1051435.66
2023/10/27,3501.171,3576.586,3494.549,3562.385,1202251.08
2023/10/30,3554.106,3592.719,3554.024,3583.772,1440104.26
2023/10/31,3581.676,3581.676,3554.582,3572.506,1125872.67
2023/11/1,3605.758,3606.413,3564.642,3571.027,976455.38
2023/11/2,3580.067,3597.17,3553.741,3554.189,903596.43
2023/11/3,3558.53,3596.101,3558.53,3584.136,975421.01
2023/11/6,3608.319,3635.79,3600.63,3632.608,1529824.63
2023/11/7,3623.785,3628.462,3606.298,3619.759,1102885.91
2023/11/8,3610.643,3627.048,3591.825,3611.072,1105942.3
2023/11/9,3603.108,3624.414,3601.374,3612.826,1118720.57
2023/11/10,3596.069,3599.452,3576.101,3586.489,1021070.34
2023/11/13,3593.911,3599.39,3562.768,3579.414,967076.49
2023/11/14,3581.103,3600.148,3568.882,3582.058,1008841.58
2023/11/15,3616.877,3620.601,3596.916,3607.245,1049292.18
2023/11/16,3600.981,3605.29,3572.364,3572.364,874647.8
2023/11/17,3561.311,3573.682,3547.029,3568.069,873192.07
2023/11/20,3569.731,3586.973,3545.104,3576.323,910804.45
2023/11/21,3587.878,3615.057,3575.682,3581.067,1085943.14
2023/11/22,3569.439,3574.378,3544.416,3544.416,847843.81
2023/11/23,3541.442,3562.068,3529.939,3561.52,848001.67
2023/11/24,3560.646,3560.646,3533.996,3538.009,850184.03
2023/11/27,3534.445,3534.445,3492.862,3511.942,991023.14
2023/11/28,3510.655,3521.046,3501.109,3518.523,893357.89
2023/11/29,3518.884,3519.198,3482.244,3488.307,988414.12
2023/11/30,3485.517,3505.127,3481.452,3496.203,1013508.2
2023/12/1,3494.223,3494.223,3452.173,3482.881,1085309.41
2023/12/4,3481.045,3488.133,3459.611,3460.138,971568.26
2023/12/5,3450.09,3450.09,3393.814,3394.257,1004720.07
2023/12/6,3387.88,3420.277,3382.946,3399.598,1058055.19
2023/12/7,3394.306,3404.407,3369.768,3391.282,977132.48
2023/12/8,3391.859,3409.385,3383.448,3399.462,1295220.54
2023/12/11,3378.052,3426.611,3346.89,3419.455,1396262.49
2023/12/12,3409.998,3427.546,3406.101,3426.803,1055900.13
2023/12/13,3418.641,3418.641,3369.605,3369.605,952853.67
2023/12/14,3387.385,3399.139,3350.765,3351.964,836551.35
2023/12/15,3365.939,3388.505,3339.519,3341.552,977877.83
2023/12/18,3329.191,3352.346,3314.91,3329.366,905268.26
2023/12/19,3325.66,3345.78,3313.187,3334.041,838081.18
2023/12/20,3334.332,3338.543,3297.365,3297.502,924128.68
2023/12/21,3285.605,3339.355,3283.988,3330.87,1025461.98
2023/12/22,3329.467,3359.06,3315.898,3337.228,1052201.33
2023/12/25,3330.333,3348.882,3330.333,3347.451,745426.93
2023/12/26,3345.395,3345.417,3315.937,3324.79,747329.35
2023/12/27,3326.927,3341.266,3309.673,3336.357,944039.28
2023/12/28,3335.557,3423.402,3331.208,3414.54,1480648.51
2023/12/29,3411.109,3432.541,3409.58,3431.11,1149289.32
2024/1/2,3426.268,3426.268,3386.352,3386.352,1161807.26
2024/1/3,3379.75,3392.85,3362.662,3378.297,1056138.51
2024/1/4,3375.021,3375.021,3323.865,3347.052,1067210.13
2024/1/5,3341.306,3372.544,3313.554,3329.111,1264005.74
2024/1/8,3322.605,3333.516,3283.342,3286.056,1174294.85
2024/1/9,3286.708,3304.601,3273.843,3292.499,1093304.65
2024/1/10,3281.669,3312.916,3268.247,3277.129,941993.66
2024/1/11,3275.309,3311.114,3266.791,3295.672,1087897.35
2024/1/12,3284.358,3310.47,3279.699,3284.167,968535.55
2024/1/15,3270.103,3306.922,3261.269,3280.92,888515.3
2024/1/16,3272.571,3300.876,3260.436,3300.876,1132766.65
2024/1/17,3291.139,3291.139,3229.082,3229.082,1087697.28
2024/1/18,3214.284,3279.254,3171.633,3274.729,1749091.68
2024/1/19,3261.239,3286.942,3251.814,3269.776,1185014.08
2024/1/22,3262.469,3281.421,3193.178,3218.902,1487056.28
2024/1/23,3208.432,3249.531,3188.126,3231.933,1220120
2024/1/24,3245.959,3281.489,3190.467,3277.109,1543719.54
2024/1/25,3274.339,3344.243,3269.794,3342.919,1968336.14
2024/1/26,3326.647,3351.969,3315.127,3333.821,1806640.05
2024/1/29,3335.394,3351.372,3303.96,3303.96,1841647.95
2024/1/30,3283.898,3300.204,3244.972,3245.039,1436493.5
2024/1/31,3231.543,3252.148,3201.926,3215.352,1531434.69
2024/2/1,3202.256,3251.758,3191.897,3217.711,1455167.92
2024/2/2,3219.873,3235.408,3108.352,3179.628,1737580.89
2024/2/5,3164.25,3233.849,3111.518,3200.422,2030429.7
2024/2/6,3185.25,3314.512,3182.822,3311.692,2027130.99
2024/2/7,3314.031,3343.63,3289.67,3343.63,2166479.33
2024/2/8,3351.405,3367.21,3336.978,3364.93,1899775.78
2024/2/19,3393.192,3403.808,3364.142,3403.808,1833198
2024/2/20,3395.192,3415.894,3380.103,3410.854,1407345.81
2024/2/21,3390.362,3500.134,3383.691,3456.871,1888793.62
2024/2/22,3450.352,3486.683,3448.414,3486.675,1410207.84
2024/2/23,3491.337,3507.559,3472.968,3489.742,1448212.73
2024/2/26,3485.543,3492.606,3445.389,3453.359,1512483.31
2024/2/27,3440.052,3494.787,3437.442,3494.787,1395282.46
2024/2/28,3499.826,3521.657,3450.26,3450.26,1898375.48
2024/2/29,3437.898,3516.083,3437.898,3516.083,1559445.32
2024/3/1,3515.059,3544.36,3503.459,3537.804,1627095.7
2024/3/4,3538.366,3548.69,3519.76,3540.869,1632446.13
2024/3/5,3524.964,3570.694,3519.082,3565.514,1664223.89
2024/3/6,3556.532,3577.388,3545.101,3551.048,1430766.13
2024/3/7,3548.101,3569.919,3522.896,3529.72,1481105.1
2024/3/8,3529.551,3548.506,3511.577,3544.91,1257926.64
2024/3/11,3545.943,3589.264,3542.279,3589.264,1482028.25
2024/3/12,3592.583,3605.698,3574.212,3597.494,1806855.6
2024/3/13,3594.421,3594.421,3563.369,3572.361,1445905.9
2024/3/14,3571.789,3597.46,3545.612,3562.223,1409627.22
2024/3/15,3554.907,3572.809,3533.68,3569.993,1383160.44
2024/3/18,3577.056,3604.052,3573.404,3603.528,1603794.38
2024/3/19,3593.34,3610.739,3577.188,3577.63,1455717.86
2024/3/20,3568.716,3589.546,3568.434,3585.384,1295289.66
2024/3/21,3593.07,3601.115,3575.033,3581.09,1307433.77
2024/3/22,3571.274,3575.717,3522.84,3545.002,1392273.58
2024/3/25,3536.714,3564.96,3525.763,3525.763,1370157.24
2024/3/26,3526.682,3547.646,3518.602,3543.747,1262095.35
2024/3/27,3538.724,3542.962,3502.787,3502.787,1286267.63
2024/3/28,3498.482,3551.214,3489.386,3520.965,1433347.17
2024/3/29,3516.883,3538.238,3516.883,3537.484,1286432.9
2024/4/1,3551.582,3600.919,3551.582,3595.647,1627765.61
2024/4/2,3593.221,3596.19,3568.754,3580.676,1412729.72
2024/4/3,3578.684,3582.432,3558.874,3567.803,1355923.31
2024/4/8,3553.555,3567.82,3535.769,3536.408,1553042.83
2024/4/9,3533.385,3543.714,3518.86,3533.487,1296709.42
2024/4/10,3528.968,3531.23,3490.053,3504.709,1287902.74
2024/4/11,3485.029,3520.589,3484.925,3504.245,1265343.95
2024/4/12,3505.75,3516.699,3470.061,3475.839,1289211.16
2024/4/15,3473.505,3552.413,3473.505,3549.076,1839412.5
2024/4/16,3533.364,3545.503,3503.616,3511.115,1761530.65
2024/4/17,3509.132,3565.939,3498.032,3565.403,1684663.98
2024/4/18,3550.556,3602.79,3547.6,3569.802,1785741.05
2024/4/19,3550.609,3560.949,3529.324,3541.662,1472815.05
2024/4/22,3536.184,3558.164,3528.019,3530.905,1505790.42
2024/4/23,3525.668,3533.758,3499.984,3506.225,1431135.04
2024/4/24,3514.011,3524.537,3495.649,3521.622,1217398.51
2024/4/25,3510.64,3543.97,3505.2,3530.281,1151877.22
2024/4/26,3531.965,3588.4,3531.965,3584.269,1972161.33
2024/4/29,3584.543,3645.823,3578.76,3623.912,2227213.81
2024/4/30,3619.259,3630.709,3604.394,3604.394,1912968.99
2024/5/6,3654.049,3668.257,3645.738,3657.877,2080180.07
2024/5/7,3657.001,3665.684,3648.376,3659.008,1648342.86
2024/5/8,3650.748,3650.936,3628.698,3630.223,1300353.36
2024/5/9,3630.414,3669.759,3630.414,3664.561,1465590.17
2024/5/10,3669.087,3674.609,3641.764,3666.277,1507205.36
2024/5/13,3646.349,3673.621,3634.605,3664.691,1572674.55
2024/5/14,3668.225,3675.776,3646.709,3657.045,1334064.9
2024/5/15,3651.054,3656.528,3624.002,3626.056,1235227.64
2024/5/16,3636.601,3657.483,3626.334,3640.359,1546305.03
2024/5/17,3638.561,3677.97,3627.447,3677.97,1645704.17
2024/5/20,3682.062,3703.029,3677.443,3690.962,1846094.23
2024/5/21,3682.287,3684.611,3665.152,3676.161,1306782.83
2024/5/22,3675.647,3691.88,3667.089,3684.451,1519146.05
2024/5/23,3672.84,3674.365,3633.505,3641.792,1425729.9
2024/5/24,3630.827,3650.873,3599.668,3601.475,1247911.77
2024/5/27,3606.645,3638.151,3603.713,3635.708,1312726.44
2024/5/28,3633.254,3638.97,3605.921,3609.172,1235322.38
2024/5/29,3609.071,3633.197,3602.82,3613.522,1159063.21
2024/5/30,3607.052,3624.035,3586.754,3594.312,1226029.95
2024/5/31,3599.82,3614.644,3579.925,3579.925,1124620.19
2024/6/3,3577.38,3600.604,3567.871,3588.748,1410545.91
2024/6/4,3583.81,3622.501,3580.277,3615.671,1245450.96
2024/6/5,3610.36,3623.323,3594.106,3594.794,1109067.66
2024/6/6,3602.155,3625.011,3584.171,3592.245,1378935.17
2024/6/7,3594.634,3603.07,3552.085,3574.114,1311030.26
2024/6/11,3555.819,3565.311,3525.895,3542.877,1345223.06
2024/6/12,3539.095,3551.171,3531.566,3544.123,1228137.29
2024/6/13,3548.216,3551.077,3520.18,3526.131,1232454.62
2024/6/14,3514.8,3547.147,3503.523,3541.533,1715169.42
2024/6/17,3521.437,3540.793,3520.738,3536.199,1374334.38
2024/6/18,3533.488,3551.709,3532.785,3545.59,1236718.38
2024/6/19,3543.36,3543.36,3524.845,3528.749,1066427.97
2024/6/20,3525.169,3533.987,3500.131,3503.282,1116173.96
2024/6/21,3496.343,3505.512,3473.828,3495.62,1091866.15
2024/6/24,3473.639,3505.775,3471.216,3476.81,1179901.84
2024/6/25,3475.165,3483.219,3440.646,3457.902,1184481.18
2024/6/26,3451.539,3487.396,3442.298,3480.265,1058988.61
2024/6/27,3467.289,3471.142,3452.578,3454.118,1149181.01
2024/6/28,3443.674,3484.678,3443.674,3461.657,1354091.53
2024/7/1,3458.264,3479.955,3443.809,3478.183,1218297.7
2024/7/2,3472.453,3488.319,3464.524,3471.786,1216501.21
2024/7/3,3471.556,3478.705,3454.994,3463.414,1038571.08
2024/7/4,3468.296,3483.31,3444.928,3445.813,1044299.09
2024/7/5,3443.359,3451.039,3399.669,3431.061,1166096.59
2024/7/8,3420.803,3428.042,3395.912,3401.76,1155282.18
2024/7/9,3396.804,3448.928,3384.809,3439.811,1316294.43
2024/7/10,3425.882,3447.505,3423.648,3428.966,1272034.56
2024/7/11,3451.044,3473.984,3438.118,3468.169,1458924.66
2024/7/12,3459.956,3479.096,3457.363,3472.401,1308745.89
2024/7/15,3462.611,3481.461,3460.792,3476.247,1185170.83
2024/7/16,3466.852,3500.294,3464.366,3498.283,1206590.17
2024/7/17,3494.209,3514.475,3486.223,3501.584,1318020.62
2024/7/18,3483.298,3522.8,3475.724,3520.931,1237681.99
2024/7/19,3500.805,3545.338,3493.073,3539.016,1324479.75
2024/7/22,3538.401,3540.187,3494.014,3514.925,1321263.37
2024/7/23,3509.789,3509.789,3439.878,3439.878,1288976.6
2024/7/24,3432.346,3451.42,3408.413,3418.166,1270362.63
2024/7/25,3404.611,3415.856,3383.799,3399.272,1310222.42
2024/7/26,3403.708,3420.82,3388.66,3409.293,1241955.58
2024/7/29,3404.366,3408.502,3388.844,3390.742,1097877.86
2024/7/30,3380.689,3380.689,3352.804,3369.382,1049521.64
2024/7/31,3364.027,3445.004,3364.027,3442.084,1719591.77
2024/8/1,3443.14,3448.336,3419.187,3419.267,1363234.64
2024/8/2,3393.917,3419.102,3380.965,3384.392,1166152.55
2024/8/5,3362.112,3409.031,3343.321,3343.321,1428125.16
2024/8/6,3367.352,3376.796,3318.625,3342.979,1193402.79
2024/8/7,3338.591,3362.384,3329.966,3341.489,950843.77
2024/8/8,3332.428,3364.786,3320.843,3342.937,924956.95
2024/8/9,3358.128,3366.669,3331.627,3331.627,915116.26
2024/8/12,3327.556,3338.077,3319.891,3325.865,799387.54
2024/8/13,3328.014,3335.014,3310.191,3334.39,844896.79
2024/8/14,3332.787,3332.787,3309.1,3309.239,787424.07
2024/8/15,3301.446,3356.764,3297.971,3341.953,1047663.99
2024/8/16,3342.035,3356.907,3335.624,3345.634,965190.83
2024/8/19,3344.261,3375.962,3343.712,3356.968,1055711.1
2024/8/20,3361.639,3362.334,3321.64,3332.703,1016683.31
2024/8/21,3322.913,3339.443,3307.992,3321.635,899547.51
2024/8/22,3322.872,3327.696,3305.245,3313.136,1003665.04
2024/8/23,3305.931,3336.241,3305.64,3327.191,895257.74
2024/8/26,3330.718,3336.527,3311.57,3324.223,939907.72
2024/8/27,3315.686,3320.567,3299.564,3305.334,958081.57
2024/8/28,3298.909,3305.35,3274.588,3286.496,926966.5
2024/8/29,3273.541,3290.786,3269.529,3277.681,1307023.33
2024/8/30,3273.753,3351.625,3273.65,3321.432,1886954.43
2024/9/2,3307.543,3307.763,3264.757,3265.011,1476123.53
2024/9/3,3261.741,3281.594,3261.188,3273.428,1228973.06
2024/9/4,3253.898,3272.986,3249.981,3252.165,1048324.82
2024/9/5,3252.96,3266.882,3247.173,3257.758,971094.5
2024/9/6,3261.154,3274.814,3231.069,3231.346,884004.17
2024/9/9,3214.8,3222.928,3180.928,3192.952,1086730.69
2024/9/10,3193.456,3205.097,3171.793,3195.755,972900.78
2024/9/11,3187.051,3197.336,3174.034,3186.13,1024821.1
2024/9/12,3189.427,3201.554,3171.878,3172.475,928686.57
2024/9/13,3174.034,3188.915,3159.247,3159.247,883366.77
2024/9/18,3158.818,3179.901,3145.791,3171.01,847228.14
2024/9/19,3178.396,3213.838,3149.793,3196.036,1254392.72
2024/9/20,3192.432,3207.988,3173.224,3201.05,1180640.98
2024/9/23,3200.868,3230.161,3198.025,3212.764,953448.55
2024/9/24,3244.647,3351.968,3222.489,3351.909,2040722.17
2024/9/25,3403.702,3465.488,3393.438,3401.533,2415642.55
2024/9/26,3399.319,3545.325,3391.677,3545.32,2431340.1
2024/9/27,3617.92,3708.495,3596.583,3703.685,2654877.74
2024/9/30,3846.652,4038.697,3796.505,4017.855,5102177.07
2024/10/8,4450.368,4450.368,4094.352,4256.096,5898678.94
2024/10/9,4168.844,4197.6,3942.512,3955.984,4822692.95
2024/10/10,3979.612,4098.497,3912.771,3997.788,3950530.99
2024/10/11,3969.758,3978.239,3847.123,3887.167,2740965.05
2024/10/14,3915.219,3979.543,3868.779,3961.342,3075789.93
2024/10/15,3942.534,3967.871,3855.995,3855.995,2424864.48
2024/10/16,3806.137,3877.748,3805.087,3831.589,2188664.07
2024/10/17,3853.841,3882.073,3787.75,3788.222,2123138.2
2024/10/18,3780.314,3998.214,3765.162,3925.234,3129588.34
2024/10/21,3946.902,3979.264,3896.165,3935.197,2911856.34
2024/10/22,3923.744,3965.908,3917.522,3957.776,2234333.96
2024/10/23,3955.319,4012.18,3939.099,3973.209,2458739.49
2024/10/24,3950.899,3957.983,3914.089,3928.833,1747240.62
2024/10/25,3931.321,3992.892,3921.94,3956.421,2106948.85
2024/10/28,3953.106,3964.157,3917.204,3964.157,2161604.15
2024/10/29,3970.008,3991.309,3921.58,3924.649,2172939.84
2024/10/30,3904.16,3926.058,3864.305,3889.449,2194366.26
2024/10/31,3888.423,3923.9,3859.108,3891.04,3006367.18
2024/11/1,3882.458,3933.22,3879.959,3890.02,3079864.81
2024/11/4,3897.714,3944.762,3891.211,3944.762,2292390.6
2024/11/5,3937.623,4046.698,3925.414,4044.573,3168627.94
2024/11/6,4051.289,4091.703,4002.503,4024.283,3358079.38
2024/11/7,3987.267,4146.151,3984.665,4145.695,3414364.14
2024/11/8,4192.079,4200.908,4094.163,4104.047,3323503.85
2024/11/11,4066.934,4132.511,4048.039,4131.131,2895942.27
2024/11/12,4133.353,4181.71,4060.794,4085.743,2977780.86
2024/11/13,4059.59,4121.074,4059.59,4110.89,2404840.99
2024/11/14,4101.223,4118.169,4034.944,4039.619,2301527.84
2024/11/15,4025.648,4049.071,3968.831,3968.831,2473994.63
2024/11/18,3982.104,4034.06,3931.187,3950.381,3067779.46
2024/11/19,3954.604,3979.151,3896.749,3976.891,2429464.65
2024/11/20,3966.124,4001.085,3958.338,3985.773,1845993.72
2024/11/21,3979.455,3999.569,3966.066,3989.298,1661259.27
2024/11/22,3984.244,3990.265,3865.699,3865.699,2162858.09
2024/11/25,3875.613,3889.707,3812.318,3848.091,1907029.53
2024/11/26,3836.259,3875.229,3833.284,3840.185,1498924.41
2024/11/27,3829.344,3907.164,3817.913,3907.045,1741360.96
2024/11/28,3904.253,3908.392,3866.014,3872.551,1501172.91
2024/11/29,3869.89,3962.7,3869.89,3916.583,1876567.13
2024/12/2,3909.703,3955.125,3902.17,3947.632,1972897.84
2024/12/3,3946.703,3963.947,3922.843,3951.891,1824968.67
2024/12/4,3948.13,3957.365,3917.747,3930.557,1746263.18
2024/12/5,3916.564,3936.336,3910.083,3921.588,1385340.38
2024/12/6,3923.895,3995.117,3923.895,3973.141,1920579.07
2024/12/9,3970.663,3995.512,3948.421,3966.571,1759599.58
2024/12/10,4094.05,4098.38,3988.968,3995.637,2534637.95
2024/12/11,3988.018,4005.325,3977.352,3988.831,1772528.46
2024/12/12,3987.153,4031.744,3981.349,4028.505,1816217.77
2024/12/13,4000.985,4000.985,3931.739,3933.181,2303530.79
2024/12/16,3930.781,3938.76,3901.647,3911.842,1785112.51
2024/12/17,3908.126,3955.945,3908.126,3922.033,1609390.9
2024/12/18,3934.543,3956.144,3933.969,3941.89,1577383.21
2024/12/19,3911.89,3954.349,3899.748,3945.464,1610810.4
2024/12/20,3937.472,3958.634,3923.256,3927.744,1549864.96
2024/12/23,3928.149,3965.85,3928.149,3933.572,1900673.62
2024/12/24,3934.942,3985.859,3934.734,3983.688,1614945.89
2024/12/25,3987.956,4007.763,3969.477,3985.629,1593907.47
2024/12/26,3981.732,3991.533,3965.546,3987.48,1434252.86
2024/12/27,3987.019,4007.131,3970.937,3981.031,1692686.66
2024/12/30,3976.7,4005.778,3976.7,3999.055,1646124.85
2024/12/31,3995.871,4004.346,3934.911,3934.911,1839283.97
2025/1/2,3931.816,3934.203,3796.339,3820.395,2178987.24
2025/1/3,3825.243,3835.935,3767.665,3775.165,1753426.76
2025/1/6,3775.99,3788.849,3743.073,3768.97,1509466.7
2025/1/7,3760.866,3797.602,3749.058,3796.106,1464557.79
2025/1/8,3781.261,3810.736,3731.189,3789.215,1691669.68
2025/1/9,3780.734,3795.261,3768.681,3779.877,1297940.02
2025/1/10,3778.893,3786.807,3732.481,3732.481,1375231.71
2025/1/13,3704.444,3737.885,3704.107,3722.513,1364461.99
2025/1/14,3728.556,3826.64,3718.877,3820.54,1706646.57
2025/1/15,3810.035,3816.828,3790.166,3796.026,1414755.2
2025/1/16,3812.194,3842.947,3776.286,3800.384,1445058.71
2025/1/17,3788.373,3831.64,3780.213,3812.343,1266219.61
2025/1/20,3835.304,3858.668,3821.982,3829.676,1395812.77
2025/1/21,3850.356,3850.911,3817.121,3832.615,1412184.06
2025/1/22,3823.945,3823.945,3783.144,3797.017,1372550.62
2025/1/23,3829.046,3864.259,3801.853,3803.744,1805695.51
2025/1/24,3793.85,3847.6,3793.484,3832.864,1489717.22
2025/1/27,3836.958,3851.997,3817.08,3817.08,1466707.72
2025/2/5,3844.7,3844.7,3785.162,3795.085,1571683.08
2025/2/6,3789.609,3843.494,3788.32,3842.831,1672881.76
2025/2/7,3844.057,3919.35,3833.869,3892.703,2218577.07
2025/2/10,3898.102,3906.368,3878.831,3901.062,1889030.4
2025/2/11,3905.159,3905.159,3872.909,3883.135,1665749.09
2025/2/12,3875.96,3920.723,3867.354,3919.862,1642285.4
2025/2/13,3913.904,3939.198,3904.985,3905.14,1724858.74
2025/2/14,3900.827,3942.036,3900.827,3939.009,1729764.52
2025/2/17,3954.415,3955.896,3921.702,3947.398,2135882.46
2025/2/18,3942.576,3965.423,3901.868,3912.783,2094251.01
2025/2/19,3906.22,3943.674,3904.146,3940.16,1828295.17
2025/2/20,3934.65,3940.678,3916.177,3928.896,1638952.36
2025/2/21,3938.052,3981.048,3927.787,3978.444,2274003.3
2025/2/24,3972.483,3995.946,3949.231,3969.717,2208106.18
2025/2/25,3933.636,3955.434,3915.653,3925.651,1781085.8
2025/2/26,3931.842,3960.33,3925.366,3959.941,1910625.01
2025/2/27,3961.064,3973.932,3933.461,3968.116,2028879.63
2025/2/28,3950.187,3972.481,3886.399,3890.049,1981041.47
2025/3/3,3899.696,3930.005,3872.587,3888.474,1776231.66
2025/3/4,3865.994,3890.424,3855.725,3885.221,1498509.67
2025/3/5,3887.799,3906.421,3877.019,3902.571,1586527.51
2025/3/6,3923.383,3964.494,3917.083,3956.237,1939609.15
2025/3/7,3944.915,3967.074,3935.046,3944.014,1667323.75
2025/3/10,3945.58,3949.145,3905.127,3928.802,1527652.32
2025/3/11,3890.431,3941.416,3889.43,3941.416,1447544.02
2025/3/12,3946.862,3953.613,3921.474,3927.232,1567321.9
2025/3/13,3925.744,3939.285,3897.376,3911.579,1565364.43
2025/3/14,3919.616,4014.159,3919.616,4006.557,2161390.03
2025/3/17,4020.64,4021.728,3992.256,3996.788,1622029.11
2025/3/18,4011.779,4016.873,3995.96,4007.723,1402084.96
2025/3/19,4004.825,4025.299,3989.512,4010.168,1444194.28
2025/3/20,4011.059,4012.042,3969.926,3974.992,1337546.7
2025/3/21,3966.515,3983.148,3904.767,3914.696,1659052.94
2025/3/24,3916.114,3938.183,3907.2,3934.849,1522346.74
2025/3/25,3937.898,3946.357,3921.529,3932.295,1404753.99
2025/3/26,3930.207,3942.026,3916.861,3919.357,1311641.87
2025/3/27,3911.384,3952.985,3903.652,3932.412,1267937.38
2025/3/28,3930.776,3934.234,3907.384,3915.166,1263562.14
2025/3/31,3905.982,3928.448,3872.403,3887.306,1667985.23
2025/4/1,3892.779,3905.262,3882.405,3887.684,1403802.74
2025/4/2,3884.418,3900.495,3877.16,3884.386,1130431.75
2025/4/3,3843.418,3883.703,3843.418,3861.503,1425997.89
2025/4/7,3675.202,3707.777,3514.117,3589.441,3125785.86
2025/4/8,3597.986,3650.759,3583.875,3650.759,2801973.12
2025/4/9,3606.104,3686.794,3587.337,3686.794,2623057.08
2025/4/10,3749.126,3756.139,3708.819,3735.115,2272522.27
2025/4/11,3730.315,3762.365,3708.462,3750.517,1687596.91
2025/4/14,3772.041,3776.634,3754.033,3759.142,1644624.03
2025/4/15,3756.479,3764.486,3737.85,3761.235,1340060.4
2025/4/16,3757.876,3775.166,3721.603,3772.82,1563590.06
2025/4/17,3755.086,3779.125,3749.504,3772.222,1223710.02
2025/4/18,3760.043,3782.044,3754.407,3772.523,1029485.09
2025/4/21,3768.142,3790.178,3763.138,3784.881,1213557.3
2025/4/22,3780.112,3799.23,3778.079,3783.952,1256882.57
2025/4/23,3803.43,3807.954,3780.518,3786.882,1319868.7
2025/4/24,3787.459,3807.26,3775.207,3784.357,1171645.6
2025/4/25,3792.084,3801.577,3780.777,3786.994,1245911.33
2025/4/28,3786.387,3792.008,3772.803,3781.619,1251450.91
2025/4/29,3776.003,3785.316,3768.031,3775.077,1115146.94
2025/4/30,3775.831,3787.564,3768.757,3770.571,1436816.58
2025/5/6,3794.376,3809.094,3782.777,3808.542,1585204.59
2025/5/7,3861.577,3863.678,3814.987,3831.627,1611722.99
2025/5/8,3820.548,3867.331,3816.264,3852.896,1249598.33
2025/5/9,3848.619,3853.663,3836.535,3846.157,1193895.26
2025/5/12,3866.531,3890.734,3859.035,3890.61,1533324.6
2025/5/13,3915.592,3915.592,3890.686,3896.258,1473202.99
2025/5/14,3894.839,3960.523,3890.65,3943.211,1720337.79
2025/5/15,3934.027,3936.465,3904.907,3907.199,1380817.49
2025/5/16,3898.666,3903.853,3874.862,3889.085,1184053.45
2025/5/19,3882.568,3885.589,3866.57,3877.145,986434.14
2025/5/20,3883.102,3911.474,3881.744,3898.171,1048852.34
2025/5/21,3899.437,3928.634,3899.437,3916.381,1097913.43
2025/5/22,3912.601,3923.02,3903.09,3913.865,1075970.52
2025/5/23,3910.374,3931.551,3882.274,3882.274,1202774.19
2025/5/26,3875.789,3884.537,3849.038,3860.107,1096012.07
2025/5/27,3857.627,3865.429,3834.846,3839.397,985724.25
2025/5/28,3843.075,3849.736,3833.958,3836.237,890310.26
2025/5/29,3838.009,3869.791,3831.458,3858.7,1084718.86
2025/5/30,3850.493,3858.613,3829.254,3840.232,1116722.28
2025/6/3,3833.458,3863.295,3832.72,3852.013,1314030.9
2025/6/4,3855.488,3875.857,3855.488,3868.743,1168038.73
2025/6/5,3872.637,3883.135,3861.272,3877.556,1228781.84
2025/6/6,3878.103,3889.456,3869.387,3873.984,1109879.71
2025/6/9,3877.798,3894.652,3871.992,3885.246,1363062.93
2025/6/10,3887.551,3897.457,3850.466,3865.465,1455638.59
2025/6/11,3870.672,3911.611,3870.672,3894.625,1424147.72
2025/6/12,3885.52,3900.041,3870.384,3892.199,1339986.97
2025/6/13,3881.492,3889.16,3853.819,3864.182,1725395.36
2025/6/16,3853.619,3876.17,3853.619,3873.795,1373418.35
2025/6/17,3875.177,3880.416,3860.409,3870.379,1223425.26
2025/6/18,3871.65,3881.346,3854.658,3874.971,1275286.21
2025/6/19,3870.049,3872.943,3834.951,3843.091,1302806.58
2025/6/20,3839.783,3856.48,3839.783,3846.644,1181510.2
2025/6/23,3831.17,3867.59,3827.083,3857.902,1338008.92
2025/6/24,3862.388,3914.158,3862.388,3904.034,1636561.88
2025/6/25,3907.068,3963.037,3902.177,3960.066,1872136.71
2025/6/26,3953.16,3964.482,3945.259,3946.02,1653162.63
2025/6/27,3949.788,3969.263,3918.204,3921.758,1945579.13
2025/6/30,3920.315,3940.361,3911.604,3936.079,1451702.36
2025/7/1,3935.908,3946.245,3924.722,3942.762,1289593.62
2025/7/2,3943.323,3952.138,3929.696,3943.685,1470630.62
2025/7/3,3949.4,3971.616,3945.138,3968.068,1410040.06
2025/7/4,3967.464,4013.848,3958.376,3982.203,1571971.33
2025/7/7,3977.288,3979.748,3956.566,3965.175,1311352.73
2025/7/8,3965.426,4002.269,3965.426,3998.453,1564028.95
2025/7/9,3997.504,4016.743,3987.427,3991.401,1732937.96
2025/7/10,3993.42,4032.983,3992.524,4010.024,2097789.04
2025/7/11,4011.465,4065.942,4010.105,4014.807,2620527.73
2025/7/14,4021.214,4034.92,4017.668,4017.668,2079171.75
2025/7/15,4023.99,4042.657,3994.263,4019.064,1910429.31
2025/7/16,4019.393,4027.857,3993.921,4007.202,1510273.08
2025/7/17,4005.067,4034.594,4005.067,4034.491,1612490.41
2025/7/18,4039.871,4064.638,4039.318,4058.549,1862110.63
2025/7/21,4069.769,4086.117,4063.443,4085.607,2232684.76
2025/7/22,4087.335,4119.202,4068.338,4118.958,2575969.85
2025/7/23,4129.148,4155.678,4113.909,4119.769,3005061.54
2025/7/24,4116.831,4152.427,4111.885,4149.037,3196323.92
2025/7/25,4145.32,4150.499,4117.801,4127.163,2735949.63
2025/7/28,4128.199,4146.12,4112.968,4135.824,2227598.15
2025/7/29,4132.683,4153.331,4117.577,4152.025,2308078.8
2025/7/30,4148.941,4185.206,4127.43,4151.238,2498530.48
2025/7/31,4141.561,4141.824,4063.666,4075.591,2670874.06
2025/8/1,4069.925,4085.354,4040.462,4054.929,1962218.26
2025/8/4,4037.938,4070.702,4037.938,4070.702,1622759.02
2025/8/5,4080.388,4106.297,4075.584,4103.45,1788519.99
2025/8/6,4100.428,4116.709,4098.354,4113.485,1766761.55
2025/8/7,4120.282,4129.738,4094.821,4114.666,1986419.02
2025/8/8,4109.273,4122.21,4097.416,4104.967,1731712.01
2025/8/11,4110.294,4134.246,4103.605,4122.511,1904437.16
2025/8/12,4123.576,4153.295,4121.224,4143.825,1772878.23
2025/8/13,4150.504,4186.748,4147.199,4176.578,2139349.99
2025/8/14,4179.965,4220.311,4165.938,4173.313,2211035.95
2025/8/15,4162.421,4214.729,4157.495,4202.353,2613275.66
2025/8/18,4218.247,4272.96,4203.419,4239.413,3014791.02
2025/8/19,4241.765,4264.23,4215.208,4223.374,2508187.71
2025/8/20,4208.401,4272.146,4190.556,4271.396,2464817.73
2025/8/21,4284.371,4308.447,4273.652,4288.071,2590300.14
2025/8/22,4287.363,4378.388,4287.363,4377.998,2904348.97
2025/8/25,4416.292,4472.653,4404.776,4469.222,3580900.06
2025/8/26,4453.353,4476.803,4435.528,4452.591,2706213.95
2025/8/27,4458.84,4494.913,4386.127,4386.127,3331338.98
2025/8/28,4378.035,4464.803,4364.171,4463.782,2968345.36
2025/8/29,4455.803,4516.84,4452.363,4496.759,3519389.47
2025/9/1,4516.879,4528.134,4487.53,4523.711,3203667.08
2025/9/2,4521.983,4548.894,4454.417,4490.453,3039325.66
2025/9/3,4501.339,4510.73,4427.518,4459.83,2543202.17
2025/9/4,4461.25,4465.497,4327.507,4365.209,3079346.09
2025/9/5,4365.608,4466.56,4350.297,4460.325,2496256.57
2025/9/8,4467.169,4482.763,4438.07,4467.573,2676383.82
2025/9/9,4448.739,4472.093,4412.691,4436.258,2213754.6
2025/9/10,4438.3,4466.633,4414.594,4445.365,2035976.46
2025/9/11,4438.839,4548.035,4427.924,4548.035,2532640.51
2025/9/12,4544.591,4564.667,4517.79,4521.998,2664420.03
2025/9/15,4534.887,4566.905,4522.496,4533.056,2318856.78
2025/9/16,4539.922,4552.419,4494.788,4523.337,2492692.06
2025/9/17,4517.286,4556.03,4503.796,4551.023,2357164.72
2025/9/18,4546.032,4573.833,4454.989,4498.109,3098598.26
2025/9/19,4499.091,4533.092,4491.844,4501.92,2250440
2025/9/22,4512.025,4523.87,4487.13,4522.608,1964599.56
2025/9/23,4536.757,4560.732,4459.728,4519.778,2528270.62
2025/9/24,4495.266,4567.495,4494.113,4566.071,2204826.08
2025/9/25,4563.983,4613.949,4558.842,4593.488,2298233.33
2025/9/26,4576.914,4597.847,4550.049,4550.049,2084821.14
2025/9/29,4555.034,4647.569,4541.425,4620.053,2743588.77
2025/9/30,4629.899,4647.503,4616.224,4640.694,2479803.59
2025/10/9,4662.113,4726.345,4651.99,4709.482,3476786.96
2025/10/10,4679.498,4692.586,4600.965,4616.834,3190208.99
2025/10/13,4490.866,4601.807,4490.866,4593.979,3150103.54
2025/10/14,4634.054,4641.449,4520.926,4539.064,3729540.3
2025/10/15,4544.243,4608.824,4526.834,4606.288,2847718.55
2025/10/16,4588.921,4645.096,4586.28,4618.422,2482355.18
2025/10/17,4610.697,4618.562,4509.329,4514.235,2569056.17
2025/10/20,4558.242,4570.438,4520.502,4538.22,2184204.05
2025/10/21,4556.122,4615.463,4547.928,4607.872,2157111.75
2025/10/22,4576.028,4603.488,4567.236,4592.57,1853339.6
2025/10/23,4578.702,4611.341,4541.694,4606.345,2004639.17
2025/10/24,4622.787,4660.684,4622.787,4660.684,2088144.83
2025/10/27,4699.382,4720.429,4687.688,4716.019,2622006.74
2025/10/28,4697.728,4734.322,4679.229,4691.973,2209066.45
2025/10/29,4701.036,4747.838,4697.268,4747.838,2462113.24
2025/10/30,4735.981,4761.834,4706.452,4709.911,2732891.18
2025/10/31,4702.495,4706.14,4640.668,4640.668,2814647.4
2025/11/3,4636.732,4653.403,4595.734,4653.403,2398698.09
2025/11/4,4649.348,4665.323,4595.066,4618.699,2332240.32
2025/11/5,4562.112,4642.61,4558.765,4627.257,2030458.71
2025/11/6,4642.011,4698.094,4642.011,4693.403,2242410.08
2025/11/7,4673.762,4701.374,4666.041,4678.794,2124973.77
2025/11/10,4688.124,4695.179,4654.21,4695.051,2360267.64
